-1.742697782955437980e-14,-8.824104641425023487e-15,-9.720129974348512558e-15,-1.140499370291814252e-15,-2.912146706505330807e-15,-2.158871497369430070e-14,-3.007644589110569644e-16,-3.768354714644289727e-15,-1.344464903990649773e-14,-2.326264181284898314e-14,2.082866193396941314e-16,-8.488218808389014214e-16,-3.908331991375746384e-15,8.937620608884255802e-16,-1.363348995329916047e-14,-7.257906840633931989e-15,-5.484721292588201624e-15,-1.558364440094883729e-15,-8.672560282765862105e-15,-1.457219219423711021e-14
-2.231389714928838641e-15,-1.721530090790374112e-15,-5.536207343254107016e-17,-9.217556527622329521e-16,-1.149555846563857231e-15,-1.916137604487944124e-15,-1.803688898542252228e-15,-1.762394348297710578e-15,-3.628689146037422653e-17,-1.553439451726368326e-14,-2.249464550990298156e-15,1.980180071563947264e-15,8.639160079589730534e-16,4.308687196093174965e-16,-2.517449681875560952e-15,-1.422337725029421129e-17,1.316018149490061351e-16,9.287462156759226928e-16,-1.992600962702484324e-15,-2.022613034089598694e-15
-1.001484322988438480e-15,-1.672137905570081351e-15,-2.390869078237878309e-15,-3.807413097908080024e-16,1.555830117516698863e-16,-2.099828557561300713e-15,-1.540630958311167698e-15,-3.207117460057168357e-15,-2.684037345677958708e-15,-1.383512445232715216e-14,-5.934829518561453299e-16,1.110599107253737450e-15,-1.253673136440355829e-15,-6.779312896644518194e-16,-2.152256508864552886e-15,-3.554963398308408351e-16,-6.823223084630181123e-16,-2.681706311007114873e-16,-3.633093717363145014e-17,-1.769045250999551344e-15
-5.723232218007856531e-15,-4.091277555455519188e-15,-5.351269557682392097e-15,-1.545953713351713721e-16,-8.969197997157896118e-16,-1.246913813521266512e-14,-2.508349159890260749e-15,-1.244474358633174127e-15,-4.949586205303668773e-15,-2.267730816497837143e-14,6.778351514249384563e-16,2.799037314860780556e-16,-1.761909845451881118e-15,2.970578427338721461e-16,-7.150272669960433536e-15,-3.189322991901250015e-15,-2.529762152796849461e-15,-1.304571346240866736e-15,-2.662116133003017415e-15,-7.533280639918094046e-15
-7.203466339048003597e-15,-3.615346683052272914e-15,-6.756382020696449775e-15,3.387030646185770766e-16,-1.654980406190498243e-15,-1.120986441692506386e-14,-2.085672942946786845e-15,-1.861507367521830769e-16,-3.731864535276574468e-15,-2.442157262007305096e-14,8.478109470163534139e-16,2.892990209370227550e-16,-1.686896607643040280e-15,5.479964355556421474e-17,-8.383661061379943380e-15,-4.321677293372266915e-15,-2.193401981310377780e-15,-6.196723635523010421e-16,-3.082413881430601243e-15,-7.540097561077596655e-15
-7.895119562457975082e-15,-1.827971639074138510e-15,-4.948637528402743957e-15,1.127544848396506982e-15,-8.192807597704604428e-16,-8.699963492675433230e-15,1.885657970913945380e-15,8.756491083443396217e-16,-3.801931100673450192e-15,-2.981203608629079405e-14,3.664944273762274843e-16,-3.253284143814316742e-16,-2.074756382322573423e-15,1.197946838840495409e-15,-8.352612221665389747e-15,-2.546275907136519301e-15,-2.442978545152962866e-15,2.121885295507802693e-16,-3.314961694901585876e-15,-9.804291167987699840e-15
-9.512152892611480670e-15,-4.573855942428817212e-15,-7.182310844157380192e-15,-7.482485768137148163e-16,-1.420413266173259359e-15,-1.139396194581310251e-14,-2.169515652197806510e-15,-3.146293718180731558e-15,-5.635994600704241630e-15,-1.404074339433902807e-14,-4.195938640484155047e-16,4.960631514935864850e-16,-1.730820348155859278e-15,-1.032621254129506561e-15,-7.643123872518031714e-15,-3.311627773221192950e-15,-3.843760975740656560e-15,-3.896812343293087899e-15,-2.624338463555475620e-15,-7.743534546217345493e-15
7.359184876071234171e-15,-1.361907006440510326e-15,4.503674180551114903e-17,9.893344823930227960e-18,-4.989938854910863641e-16,-7.331010866179661634e-16,1.477767561097742544e-16,-8.834553639862352536e-16,-2.084270256386133724e-15,-2.678074233729288434e-15,-6.088269536956569805e-16,-3.098582046327791328e-16,4.004839537254112347e-16,4.270919585161881814e-16,2.110060715564132661e-16,-3.758210648067972226e-15,-1.121424505957002628e-15,-1.668256800605762147e-16,1.686964582037057438e-16,-1.884801451197681832e-14
-8.287438118571854861e-16,-5.360143074837828148e-16,-5.462994050458181566e-16,6.935234721575089800e-16,-5.731787250775124964e-17,-1.725586955091248584e-15,-1.058432042098239600e-15,3.415033555421997935e-16,1.279438184629937136e-15,5.492364917904224431e-16,-2.064490343001851302e-16,9.972652518781648101e-16,8.778598643366733456e-16,-3.991290120297146741e-16,-5.428449929286783063e-16,3.573123784697540550e-16,5.378306108204920517e-16,-8.607206820445746122e-16,2.275709125707143805e-16,-1.651619379455793180e-15
7.913591656971696864e-16,-5.796754677829529800e-17,1.099025249062454690e-16,6.348003719902628461e-16,2.608793714907464700e-16,-5.465374213039966150e-17,5.227995770670790243e-15,-2.259497656250525344e-15,-1.707381252439438279e-15,-3.001464636727402269e-15,-6.447479269228173493e-16,-9.050343753504858091e-16,6.701301162202397133e-16,1.791184177611716594e-16,-7.337346672625123800e-16,-1.872478138254668467e-15,1.000059190054683120e-15,-1.214814229435643919e-15,-6.000407338733473265e-16,-4.341519548381467253e-14
-1.742726243262465724e-15,3.537565341571805022e-16,5.208473355302473129e-16,-1.703417138246288154e-15,-1.716300509374026062e-16,2.160569290208906590e-17,9.807760614939653454e-16,1.174363747523041179e-15,-4.971253308094433776e-16,2.369659373238630629e-17,-6.209937349500177506e-17,-1.665071956724085978e-15,1.693032514312950432e-16,-3.793640127118765837e-16,-1.729217761819654142e-16,6.659034218134407546e-16,-1.767467916833086227e-16,6.345903078193437796e-16,1.223629883652870660e-16,-1.085272822130833870e-15
-5.062682044421062955e-16,1.171729475057080305e-15,-1.488660404799432846e-16,9.182718062501760148e-16,2.637745301044616686e-16,-3.321610056504584879e-16,-8.071546360975678791e-16,-9.926074177012134125e-16,8.126501858593537797e-16,2.856872724499304184e-16,6.064603436410284654e-16,-4.814806322736564503e-16,-2.175773531612121281e-16,1.207118349465964913e-15,-3.094702635429366633e-16,-4.837303517815638720e-16,-7.388492904260502607e-16,1.852260520594892386e-15,5.759273734611323027e-16,-1.834266787938132470e-15
1.183731931919673741e-15,-1.439339370346709446e-15,-6.105870881600514166e-16,5.609499410114127116e-15,-1.578537376766692146e-15,-1.411601582422972873e-15,5.644437825122472496e-15,-2.796604636236266206e-15,-2.151999010848587579e-15,-4.714273676292846105e-15,-9.804575771057977285e-17,-3.566652452980517696e-16,2.469778667604088929e-16,-7.691025941495646949e-16,-1.340023063215248222e-16,-3.072967770002821286e-15,1.698395291660254221e-16,3.885416362020728542e-16,-6.427654463097686593e-16,-4.579271532280382306e-14
1.371461538085538834e-15,3.040916043278718561e-16,1.484121578751570678e-15,-1.421046846817805576e-15,3.475952164988527215e-16,1.006498652157065531e-15,-7.824348265648983780e-16,-2.092052795105506235e-16,1.709566597443354374e-16,-1.249390537859038086e-16,3.928767508261203634e-16,1.221151306430526967e-15,-5.269993358261552963e-16,4.522883961352556375e-16,6.895896393922231957e-16,-4.890988466012616276e-16,-8.567629867729778981e-16,-1.710561861156378177e-17,-2.658970623213829368e-16,2.821636153893525290e-17
-2.290377089375628117e-18,1.022380625797202069e-15,1.154717665344424937e-16,-1.032126586888310049e-15,-3.664264529822103267e-17,5.040777772405066748e-16,2.417974132550015920e-16,2.274114056788345550e-17,1.156044118939825172e-15,-1.256996893725381703e-18,-1.005578880255465768e-15,-3.029735208374961797e-16,1.308449063073396923e-15,-9.252558145846918853e-16,-3.861436859283959300e-16,1.079831482477672244e-16,1.165782827311322286e-16,-4.664629498770745189e-16,2.003630761043833806e-16,-2.185521186769123769e-15
2.462987496246182850e-14,-2.386810096354635702e-15,-1.287276627523828432e-15,8.760353553682875827e-17,-1.797190461770917236e-15,4.144328923007950527e-16,5.591772704593989118e-17,-3.107621581940889222e-15,-4.376978380432605675e-15,-8.032230479695923187e-15,-2.011371212813639620e-15,-5.219478007353200999e-15,-3.762533904230758175e-15,3.271182082338698117e-16,-5.046415623701991371e-15,-9.978590219741900746e-15,-4.645489730536350205e-16,5.089507577860606646e-16,-1.003913507602045407e-15,-1.190524458530295426e-14
4.308456803131521795e-14,-7.688009842458931598e-15,-8.032989421216663040e-16,-1.719571750616322170e-14,-5.446530271062399731e-15,6.473203659836286594e-16,-2.358898666676711997e-15,-9.617334055869730669e-15,-1.282276422629596846e-14,-1.163453014485504866e-13,-1.740511760325164081e-14,-4.460190897170868141e-15,-5.173541716557705783e-15,-9.011539718353260499e-16,-1.792220072436429001e-16,-8.799531199185639530e-14,-1.037484070279693499e-15,4.080445698126031195e-16,-1.041514888317439901e-15,-7.661599219638270952e-13
9.580112040035587695e-17,1.422007382179991952e-16,-4.513815282512117014e-16,2.866240908895936745e-16,6.769006623258801494e-16,1.228183003381717745e-15,2.152541111934830331e-15,3.989355774978303737e-16,1.489082227207165487e-15,1.072583421548017196e-15,2.357165637266629699e-17,4.681689801119630866e-16,-6.987810056611164222e-17,-2.659620251575849419e-16,1.309629138787599774e-16,1.227563345841242021e-15,1.496880482358176507e-15,-9.729138884426611288e-16,6.097450613098642872e-16,-7.627531690024974553e-16
9.248109006029792134e-16,-2.624023367299097020e-16,-6.903729331101966099e-16,-1.982734722932866234e-17,-4.157136061170435548e-16,1.641952192428779850e-17,9.078973467122053442e-16,4.081292731073285496e-16,-1.246940918575578650e-15,-1.313239881423067246e-17,-2.508589717247280970e-16,-4.211159822546314824e-16,7.959178970192923308e-16,8.886787117694871043e-17,3.690569137999085564e-16,-6.237211810401765977e-16,2.794379692442065972e-16,1.229258470526934689e-15,-4.997603179594534975e-16,-4.893072167062861855e-16
4.877147947654481008e-16,3.603244276301903470e-16,-5.515870082190531265e-16,6.385679745396499740e-16,5.239745811715101897e-16,-6.494587006589721406e-16,-3.348287359178359068e-16,-1.019444809602018664e-15,-2.255208281405629567e-16,2.044534246764539986e-16,-8.684120588429988796e-17,-4.729035766497594051e-16,-1.627397625296109207e-15,1.316877434636548787e-15,-1.266977482942879124e-15,-7.995855496809034513e-16,1.974226276977696787e-16,-3.322327916927382899e-16,-2.178270690619745365e-16,-2.500698758310659908e-15
1.181102741651396393e-17,-1.020427367820833653e-15,1.171877705822849808e-15,-2.120767212017427017e-16,-1.417738336125830279e-16,9.262284102402092850e-17,1.226252985871839618e-15,2.281500184088403049e-16,5.570020898508498686e-16,-3.665416494630369115e-16,4.902829986615231395e-16,6.794093621574105735e-16,-2.055528734419900805e-16,1.045344418570566423e-15,-3.514479458594389066e-16,4.570352614158973426e-16,-3.872699485806685308e-16,-1.056314142092748629e-15,3.193660171168106457e-16,-7.536966927304544761e-16
2.793717947952023550e-16,-1.959712367426494350e-15,7.833394577525659708e-16,6.052152052085646439e-16,6.016254795781009190e-16,-1.209034076603580574e-15,1.163199853278229501e-15,-7.781251229292684979e-16,-4.569031242761256717e-16,-2.110433410060924553e-15,-4.298082343593551125e-16,-6.774196817643102220e-16,-7.692753226963555679e-17,-1.513919522856597120e-16,-7.860550453814632577e-16,-2.478662349154892031e-15,-2.407225284449358849e-16,-1.105164120347680232e-15,-1.445476547566040479e-16,-9.628609758463579915e-15
7.543878716154139852e-16,1.088694835237741243e-15,-9.568363693057170549e-16,-6.042258707261716211e-16,-1.384984419088453739e-15,-1.545226112050022277e-15,-9.859327980768495259e-16,9.597222105570124562e-17,9.214583441977466927e-16,-1.303044992869914487e-15,-5.051450387540470932e-16,-2.291554465172311594e-16,-9.378848541438493391e-16,1.326199121556588518e-16,-7.211589808528645965e-16,-7.484417003256887968e-16,-7.919556886502735274e-17,-1.665276303422611077e-16,1.318486853484613611e-16,-8.952663914027492176e-16
-2.439183837549263600e-16,-4.524545072371460863e-16,1.115234918574060236e-15,-1.963354609099687842e-16,-8.219743245427291178e-16,-1.145366845123211089e-15,1.059983806457609479e-15,2.706846248881622508e-16,-4.210973475297918878e-16,-2.496721091590353714e-15,-1.401334696069303498e-15,-2.057646316788036556e-16,-2.103724909118670494e-16,-4.873766234787017218e-16,3.616585045221158701e-16,-4.240721272405489906e-16,1.056093860586903308e-15,1.724698841046052450e-16,5.362745583568266985e-17,-6.318892891571392667e-15
1.141190549176773761e-15,1.884378951163591387e-15,-1.110987895376527174e-15,-1.189810240349170600e-16,5.016455221324659514e-16,-1.233958656351248802e-16,-1.024513454758388398e-15,1.090920837823125544e-15,8.234091983553779026e-16,-8.418016717720577802e-16,-2.392235342381799496e-15,3.369293776270265717e-16,-2.093153937936936826e-16,-3.430449505431189448e-16,-3.995822871530590320e-16,2.276146935861755871e-16,3.676107770960392496e-17,4.631974261071723775e-16,5.782140249290289920e-16,-3.364855323626653183e-16
1.390001395235040960e-15,-2.097863441123670736e-16,7.972528209441651081e-16,2.252701063881756838e-16,-1.282143607863467372e-15,5.803386945806530972e-16,1.487959061519106285e-15,-5.583776713571908523e-16,-1.247279731754480370e-15,-8.756423320807615873e-16,4.522275024072819338e-16,-3.329313821159862741e-16,-1.164412804458697659e-15,1.438366036846085649e-16,6.059605942021484282e-16,-2.735631816561112650e-15,5.601924394466831908e-16,-1.194464686394332981e-16,-6.709040925757933302e-16,-8.919758378092557116e-15
6.753630857683767807e-16,8.566010314264849157e-16,3.211584711820987537e-16,-7.877948510551235906e-16,-2.118243053834609202e-16,-9.327406112969371596e-16,1.124737781209306231e-15,-2.705050539033443391e-16,-1.172520603829815822e-15,-1.464025298561488775e-15,-1.204392759569100635e-15,1.818410331165531968e-16,-6.903877561867735602e-16,2.339234049034929667e-16,-8.740287343162421452e-16,-5.216232177099322520e-16,2.759553138722317363e-16,-8.732685222460814106e-16,-3.629246864293630406e-16,-1.034979393854662533e-14
-7.726998294682596580e-12
-7.279631541665110284e-15
-5.213331936287923796e-15
-3.207266808906428235e-13
-1.039427333267284315e-14
-1.978533439514484904e-16
-7.393402730315745686e-12
-2.012815912208476554e-14
-3.322765240038050294e-14
-5.370915301047829438e-14
-1.716996770456669097e-14
-3.290336753059008856e-15
-5.241954873641541113e-15
-3.896097447485605270e-16
-3.573828516109656128e-15
-2.251166917807689849e-14
-1.274798138144878079e-15
-1.632198608041146581e-15
1.031618367119957469e-15
-4.232692755318234745e-13
-3.288387899653966162e-14
-2.427349770836584320e-14
-2.344614303054215476e-14
1.665690290775581617e-15
-6.326726252267600437e-15
-3.765867825911151101e-14
-3.346471320539445848e-15
-5.318011656041399249e-15
-2.364823831549345279e-14
-8.572255318778365663e-14
-3.146917452067265943e-15
-1.699188749773594687e-15
-8.592627477599368291e-15
-8.934232477095238600e-16
-3.069972661501330080e-14
-1.301798837997913960e-14
-1.065857471727049699e-14
-4.751888715414515074e-15
-1.009853008507310967e-14
-3.079272405635824494e-14
2.972687200564205767e-14
-1.629536891707694668e-14
-3.429033315974217011e-15
-4.358330103065854999e-14
-5.869233593060185772e-15
-1.740235966397538081e-15
-1.159402435169099022e-14
-1.549511929356539586e-14
-1.659715659178828684e-14
-6.580863241498202676e-14
-1.305790057245376223e-14
-1.116061453323990982e-14
-1.104746448401389136e-14
-4.874004926024575520e-17
-6.349020159439333622e-15
-6.536671160947693515e-14
3.676093344930509571e-16
-8.493419590685155618e-16
2.118359520864856668e-16
-2.498332487069210295e-13
-1.529329831176373666e-12
5.551115123125782702e-17
0.000000000000000000e+00,4.554274174882130995e-03
1.000000000000000000e+01,1.245451560494607174e-03
2.000000000000000000e+01,1.159860882673454264e-03
3.000000000000000000e+01,1.140152600612194707e-03
4.000000000000000000e+01,7.899415112287466777e-04
5.000000000000000000e+01,5.808350893612373002e-04
6.000000000000000000e+01,5.152028146744821492e-04
7.000000000000000000e+01,4.920456100588219096e-04
8.000000000000000000e+01,4.788069934615502444e-04
9.000000000000000000e+01,3.700116213839127542e-04
1.000000000000000000e+02,2.932010444599780037e-04
1.100000000000000000e+02,2.869766076792013227e-04
1.200000000000000000e+02,2.721121176106251500e-04
1.300000000000000000e+02,2.618307879538917015e-04
1.400000000000000000e+02,2.968013068688152094e-04
1.500000000000000000e+02,2.435824854040385783e-04
1.600000000000000000e+02,2.411046420776014965e-04
1.700000000000000000e+02,2.402928694387796479e-04
1.800000000000000000e+02,2.326355426286167338e-04
1.900000000000000000e+02,3.276026797265051420e-04
2.000000000000000000e+02,2.488901036196681138e-04
2.100000000000000000e+02,3.497714403967347278e-04
2.200000000000000000e+02,2.421385468987529333e-04
2.300000000000000000e+02,1.951364748619618960e-04
2.400000000000000000e+02,1.818264012405297917e-04
2.500000000000000000e+02,2.870566383346212155e-04
2.600000000000000000e+02,1.636757550426014469e-04
2.700000000000000000e+02,1.901224647185445775e-04
2.800000000000000000e+02,1.021186602696708883e-04
2.900000000000000000e+02,7.912310055257507698e-05
3.000000000000000000e+02,6.927689773637555931e-05
3.100000000000000000e+02,6.343389170056965259e-05
3.200000000000000000e+02,6.057895763989611500e-05
3.300000000000000000e+02,5.654436063479491455e-05
3.400000000000000000e+02,6.503935967240447480e-05
3.500000000000000000e+02,5.528223463653917177e-05
3.600000000000000000e+02,4.910487589396300050e-05
3.700000000000000000e+02,7.184865789390284228e-05
3.800000000000000000e+02,5.340473696049957567e-05
3.900000000000000000e+02,4.720353441989769404e-05
4.000000000000000000e+02,5.197482277037440148e-05
4.100000000000000000e+02,4.510987380898159063e-05
-1.252620335319003075e+00,-1.603532388822621613e-01,-2.199305184768888477e+00,-1.331079417034445322e+00,-1.367008383555656570e+00,-1.942006348355672207e+00,-1.572612638473262381e+00,-1.179824819811793990e+00,-2.157855479969554846e+00,8.982232641740836021e-01,-4.087308999537718535e+00,-1.363158677392672047e+00,-1.126325665552649680e+00,-1.186936856991253952e+00,-1.441864756798720171e+00,-1.786556302436800969e+00,-1.328800230082763489e+00,-2.792858421074171371e+00,-9.388835709474163682e-01,-1.708770488945360544e+00
1.471757388388606369e+00,1.592673626482460636e-01,1.846244729330847267e+00,9.861488121777471916e-01,1.268212312515429208e+00,2.191347080472816344e+00,1.379596341725049413e+00,1.551257388682012461e+00,2.003895998366088005e+00,-9.696143947699175092e-01,4.117842937390321367e+00,1.165143605934575000e+00,8.961727631174380981e-01,1.124333270927139861e+00,1.242296698601413452e+00,1.638027556493603321e+00,9.824458344456646897e-01,2.718575541705237075e+00,8.851130492004208872e-01,2.059514428451365120e+00
1.472772792261677122e+00,1.979433864908202445e-01,2.003532216626085383e+00,7.424413268853066183e-01,1.566395844552872729e+00,2.194444103368096588e+00,1.565349745369110090e+00,1.411084633536137112e+00,1.990710129421327856e+00,-1.041616776817611445e+00,4.149371866192986147e+00,9.887269253847235095e-01,1.214168169661597352e+00,1.127368846974041272e+00,1.087725585452426591e+00,1.615831799391360013e+00,9.157814264235593082e-01,2.823794239707091869e+00,9.723664236371453162e-01,1.675056386470983094e+00
-3.842395895680751905e-01,-1.683038861561132027e+00,-4.847989904938971306e-01,-8.965186034672303350e-01,-7.144256594272249128e-01,-2.435767304860351479e-01,-6.509148733250310626e-01,-1.259459481376414169e+00,5.540292484588759114e-01,-1.134548478961376450e+00,3.345106242807439206e-02,-7.868003524059705711e-01,-4.233193491228354755e-01,-8.578393789184775020e-01,-4.301875252922313653e-01,-1.145102163528410433e+00,-3.459785386591007761e-01,-3.648555607302593984e+00,-3.344750088276745026e-01,-9.495491106284592586e-01
-3.451894184489446848e-01,-1.938682642245280308e+00,-5.493669241531223824e-01,-8.980193729754633036e-01,-7.203841647854239971e-01,-2.516835773179951219e-01,-6.201361240109054540e-01,-1.296608000429438912e+00,4.941837812026650401e-01,-1.138329438258265158e+00,6.022768779324248062e-02,-8.042927426195557450e-01,-4.152169357622109147e-01,-8.548361635556039895e-01,-4.455977368381678905e-01,-1.169764788179497250e+00,-3.492749788380682952e-01,-3.682618220272652287e+00,-2.981969969072580939e-01,-1.001321508319201303e+00
-6.072345193688916121e-02,-1.183544194068336441e+00,3.735020195146842692e+00,-2.466042646593123167e-01,-7.859790905746638634e-01,1.657179713945464039e+00,-2.936879965851339480e-01,-1.122110491996050285e+00,-1.140135949008898919e+00,2.500737834090608569e+00,-1.382539618714383245e+00,-1.803639367395276361e-01,1.821020988209076374e-01,-8.020450492856511238e-01,1.351114151348229875e+00,2.930878945511823375e-01,6.423174360891874546e-01,-5.080330215177893960e-01,2.325570870444239324e-01,1.672550181526092139e+00
3.294208792158540011e-01,-1.325670097245706280e+00,-1.185277450968598822e+00,-4.644163439165685525e-01,-4.363958594277015379e-01,-8.426601706906802214e-01,-2.607068609038768248e+00,-1.286227291911089532e-01,7.005561039924311784e-01,-1.788422211726698130e+00,-1.021294042230134202e+01,-9.570045405550489104e-01,-8.134396494190653248e-01,-9.032249962096873253e-01,-8.716254873864699437e-01,-1.784446388348416068e+00,-6.578360595789494170e-01,2.521082410682937702e-01,-1.784848290577391305e-01,-1.714771941626652030e+00
5.716621971543777159e-01,-1.311018178126282796e-01,-1.259957988815766095e-01,-1.150491060764130963e-01,-1.060216701177923576e-01,-3.556674304423414479e-01,-1.191639654307703883e-01,-5.940264405290391903e-01,-3.688669838330907447e-01,-3.162245859868395015e-01,-2.650961137433283654e-01,-4.986672357735666972e-01,-2.106947428253620469e-01,-1.085500912527534334e+00,-3.878598399778268035e-01,-3.274117991259743454e-01,-7.338944770433656339e-01,-3.402666615968569230e-01,-6.696521399604900004e-01,-5.396041187470396183e-01
-1.588137057401857732e-01,4.215165344857598750e-01,3.850027431829475266e-01,-2.089334169825778353e+00,1.968941246111254595e-01,6.317676147396963371e-01,2.338966802028227265e-01,-1.422556976063616530e+00,-1.106113957486222876e+00,8.915510981571396487e-02,1.047917858157353804e-01,3.585401440198871525e-01,3.398387235177962595e-01,2.182218157063724739e-01,3.277744532072792705e-01,2.145225987138433821e-01,3.945359237601041569e-01,3.421836118066330368e-01,3.643940683448601559e-01,4.745387707876382866e-01
-3.047718488930092895e-01,-3.265968849078898506e-01,-3.769902024573865695e-01,1.359148853979029070e+00,-5.019640829143856564e-01,-1.120731226407736952e-01,9.746204464438632531e-01,5.274927966137570312e-01,3.436738164047408173e-01,-2.093374643817011715e-01,2.306582875387971215e-02,-8.755535352891288814e-02,-2.530751842364838966e-01,-2.469053934363931446e-01,-7.361832639083227825e-01,-4.640122979661665537e-01,-1.808913160917707819e-01,2.185055790226357042e-01,8.710802022119361332e-02,4.475345873743814540e-01
3.838871470833998267e-01,4.030880224160044989e-01,9.345379326868462344e-02,9.062397874988793733e-02,-8.603287786789083624e-02,-9.156815116760434747e-02,2.220953475306459701e-01,-2.942961842833344832e-01,-5.562492048073231637e-02,1.586008448906533197e-01,-5.274341984984842052e-02,-3.249895399038140176e-01,2.604607859459930341e-01,-8.048260654331590436e-01,-9.268057959397655310e-01,-6.838947520463994900e-02,-3.259209032528243011e-01,-3.139040712176088821e-01,-5.209412247917238892e-01,9.947495660608828005e-02
5.898686077396380067e-01,1.653534665485766608e-01,2.321113165368642595e-01,1.053231301193982734e-02,-4.376580149759726895e-02,-2.306175635485757103e-01,2.681025496162866006e-01,-2.091266761971889432e-01,-1.670450387090683941e-01,-2.319565475975560870e-02,-4.810455282207690142e-02,-4.219333199425837067e-01,3.250068982524353389e-01,-6.323230677697357915e-01,-4.855140091538205915e-01,-4.243765890003041719e-01,-1.004584216652034817e-01,-4.630322070112997679e-01,-2.793529290946777377e-01,-1.219905524518982015e-01
-1.276047397376654402e+00,-1.218939948368945814e+00,-1.199223821310407612e+00,8.471034014143150603e-01,-7.710454676792399820e-01,-1.197443865600220203e+00,5.442946493906767325e-01,2.949433081545133062e-01,1.314153738167500030e-01,-9.065149469181189579e-01,-7.839876806403350828e-01,-6.629293842559934591e-01,-1.087009250689815465e+00,-9.606259895661415360e-01,-1.487267009981799060e+00,-5.356875592500518479e-01,-1.039468035854558714e+00,-7.773265692504546243e-01,-1.113045091888298366e+00,-7.185207800046806703e-01
-1.311978045060444298e-01,4.264391415166706167e-01,4.147335160162079482e-01,1.381594158671461070e+00,-2.744873836415429036e-01,-3.321860743898420454e-01,1.127317322186198512e+00,9.748413538800210221e-01,8.000345249576631401e-01,-6.863440217671580579e-02,-3.656422334400532409e-02,-7.086614820975362106e-01,3.905636930048861921e-01,-5.709170546265783797e-01,-1.076808776484288854e+00,-4.312253790022312350e-01,9.344083373291704742e-02,-3.731789608770509359e-01,-1.291188486068444996e-01,4.993939320172152696e-01
7.920410304884845099e-01,6.432135165959976808e-01,5.171446493848241843e-01,4.203125803820755846e-01,3.076514447036459571e-02,-1.361075508169188597e-01,4.583046505422828654e-01,-4.178554647514415299e-02,1.677520614389066689e-01,4.817620701703594771e-02,4.461743889861849444e-01,-8.277086777227246062e-01,4.801763328466894243e-01,-6.052696721083009601e-01,-9.149375870633695840e-01,-4.191437896314803568e-01,3.085649981400645503e-01,-4.347999330829833142e-01,1.236839618966349870e-02,4.145211359249016403e-01
6.136795579254162858e-01,-9.553781232814738678e-01,-1.030360870002002605e+00,-6.363747586209445029e-01,-5.741504505576193740e-01,-1.665572224272758028e-01,-2.844670471535141743e-01,-1.077416763604685856e+00,-9.758077940611469270e-01,-5.315305659719016251e-01,-8.438929260346194061e-01,1.913841665596109354e-01,-9.878166034582389621e-01,-7.813582915545277396e-01,1.090293693534319264e+00,-2.588847277930821089e-02,-1.107215651556599179e+00,-1.778974883699029341e-01,-5.939270065883988092e-01,-1.236522980405302619e+00
7.924565003742913838e-01,-8.892320616422054735e-01,-9.444947048344456419e-01,-2.859926356639996836e+00,1.241310642601863024e-02,-2.050217282220644144e+00,-4.541398794684985973e-01,-1.496929586007869739e+00,-1.237297393998983086e+00,3.422355341929659844e-01,-2.684219028428053502e-02,-7.208976862290142895e-01,-8.398609690037605047e-01,-1.729524715475505126e+00,-2.610711332210132074e+00,3.248600594556269039e-01,-2.065553265360231094e+00,-1.724182949712168123e+00,-2.151388955667828284e+00,6.032650388654503537e-01
-1.219097994994949863e+00,1.350698596366480597e+00,1.691014664331062400e+00,1.745424457580678101e+00,5.716011756184021797e-01,-4.025743478832549016e+00,7.845023108244051357e-01,2.015398433589580929e+00,1.481362557492711618e+00,5.592486222666047668e-01,1.075557993484556718e+00,-3.559702324610604762e+00,1.519337305547046935e+00,8.403158754056232194e-02,-6.557729026440346942e+00,-3.109446863028132446e-01,9.890979985268791852e-01,-3.140626645736278810e+00,-1.180985518103264686e+00,1.362354005042694771e+00
4.749410882664131250e-01,2.538954678868325376e-01,3.293014244029978665e-01,3.605510335349528250e-01,4.600143757838559555e-02,-7.513283770661352556e-02,4.457493845326941928e-01,-2.154833706999012208e-02,9.937545695806905555e-02,3.977496197855227497e-03,-1.156197815153258562e-01,-3.544184477778007936e-01,1.646392650911720767e-01,-5.255763610019054122e-01,-9.866468346271966006e-01,2.440189411092361267e-03,-2.189987500032532508e-01,-3.685512826007946718e-01,-5.696261833336961899e-01,1.487378680573793639e-02
2.471720935444325085e-01,1.105656374766933459e-01,-2.327142311568470012e-01,2.674015690548994795e-01,-1.376680642959167977e-01,-4.439151693360795514e-01,1.712607787873912379e-01,-1.794799211454717602e-01,-2.472682809709638579e-02,-3.389918779444491825e-01,-3.824090493619222708e-01,-4.324939013210211680e-01,-1.770388146296492660e-01,-9.970115645036905505e-01,-7.353871478130775685e-01,-3.290732630437918083e-01,-7.199062955605348701e-01,-6.281617646271077104e-01,-8.651023389826919541e-01,-1.100711843611381635e-01
6.381035682131421805e-01,6.734729984145794157e-01,4.154549729655901413e-01,2.101851527050496160e-01,1.057469324387023124e-01,1.204968922250544555e-01,4.233222468332569211e-01,-1.711938131805678942e-01,3.565803920011145767e-02,1.052143544207530534e-01,9.432173901290127893e-02,-1.939655936065667330e-01,4.001369143805054152e-01,-4.213020331532336127e-01,-4.338338554706616668e-01,-8.277696878622915755e-02,1.450864457772758076e-01,-2.589025110130989127e-01,-1.085891520751502692e-01,1.726856313596364101e-01
-3.920337370524911713e-01,-3.586296669907103607e-01,-3.827598762733631643e-01,5.683050244350050795e-01,-5.740546389706612240e-01,-9.757727768054624828e-01,8.126510835858611337e-01,5.446335378804106897e-01,5.209044603236340221e-01,-3.737999309591835684e-01,-5.198065822460606888e-01,-3.776178848937963850e-01,-5.200371178676288508e-01,-1.179391457495714945e+00,-1.177185524608873601e+00,-5.602102394623562631e-01,-9.426168155039259533e-01,-7.646784778604072130e-01,-9.636233528612394572e-01,-1.668560504288437996e-01
-2.495343040621771369e-01,-2.243696513491679756e-01,-1.953059323374825296e-01,1.652682081962828953e+00,-5.202244464583242189e-01,-5.990697960758450957e-01,1.007211202844538134e+00,9.757414049198455119e-01,9.392781553899124392e-01,-3.644110858800168606e-01,-2.358731040819630476e-01,-4.526435636772059845e-01,-1.449356670097132205e-01,-5.414456600189571089e-01,-1.313676225705609157e+00,-4.985294470891604712e-01,-6.649547962105825660e-02,-3.473820889578232984e-01,-2.582585291099496194e-01,1.707375172784144357e-01
-1.490403768570985332e-01,-3.173446162008921601e-01,-4.611166951542221559e-01,1.397942038020302535e-01,-4.694356257811740374e-01,-7.527197540078870430e-01,2.992865672541160094e-01,9.065008099820823229e-02,1.449768438450764196e-01,-3.022949746047315367e-01,-4.489424388772365604e-01,-4.128689825488985332e-01,-1.416678893412868512e-01,-1.096355908104725607e+00,-9.803895524676738971e-01,-3.792751450713462424e-01,-9.314630835394314134e-01,-6.282104625269946396e-01,-1.053272736813616772e+00,-2.623324205607546200e-01
-2.896324619722190907e-01,1.217056261594609001e+00,1.689134797377259911e+00,2.128721254841407617e+00,1.448437327158144661e-01,9.645975469859660034e-01,1.654424336209935564e+00,1.412940314587009860e+00,1.041301940965043471e+00,3.324179991983349236e-01,1.165766352120993554e+00,-2.209343046881603989e+00,1.731270393701273447e+00,2.139770500273006359e-01,-2.139968557727437659e+00,-1.364023166124456399e+00,1.508280800068512839e+00,-7.375470933387615613e-01,9.405259257071783008e-01,1.485584214525447644e+00
3.802885194624397447e-01,-1.218000621576810077e-01,-3.428611055394529261e-01,-1.194928550408124734e-01,-4.015855454581531703e-01,-4.863844755126157104e-01,7.109524326782705461e-02,-2.652778930920758893e-01,-4.642167623410479727e-01,-2.121872371427538095e-01,-4.182869760633118883e-01,-3.374378201237488439e-01,-5.885645859563370247e-02,-1.046614553750878196e+00,-6.115856783419509890e-01,-2.976657541603111579e-01,-7.468738816893811805e-01,-3.728375036004794585e-01,-7.352706625660130335e-01,-1.113032082894482161e-01
-6.170724436184791273e-01,-5.448728783904774886e-01,-5.124629601486869745e-01,1.386240827861981550e+00,-5.089730771120324349e-01,-6.280615716080271138e-01,1.027046713899982588e+00,9.350412111357917500e-01,6.956747996515367793e-01,-6.062131361882473479e-01,-3.622594828748236240e-01,-5.476255820273789876e-01,-5.992652506794059475e-01,-6.886344795619830927e-01,-1.207008854965303080e+00,-8.403395177870808253e-01,-4.907085861602795140e-01,-3.566591982126599003e-01,-4.513546814367101478e-01,1.620998938462711314e-01
-5.096543352119531356e-01
5.997008047358637350e-01
2.302045212065184920e-01
-8.711930680249555525e-01
2.995935971840672507e-01
2.402823761641415257e-01
-3.656317698512713266e-01
-5.145313437415407476e-01
-4.399841326731374624e-01
6.656437081504414932e-01
4.015745857546924036e-01
6.693312231889479991e-01
5.476450606612609517e-01
1.813122132270596557e-02
6.007717831926985275e-01
8.004502405085095473e-01
9.552889080440213343e-02
1.775716898349548323e-01
8.226887024599049969e-02
8.851268259622613321e-01
-2.242551594906494750e-01
3.510129723614845987e-01
-1.579923383230243727e+00
-5.445822905760608901e-01
-3.908891576893344100e-01
-4.682311477409773492e-01
-4.898196342005554094e-01
-1.646658734143403857e-01
-5.416281504055007190e-01
6.567334148621227774e-01
-1.118274669358278045e-01
-4.633124722749922264e-01
-5.532331587884565804e-01
-4.416992941333819922e-01
-6.202515816726963394e-01
-1.065222625087099834e-01
-4.421092840944461644e-01
4.037465135237077174e-01
-4.320264480244482286e-01
-4.093923087376535319e-01
7.906998759153786027e-01
-4.272275123614541759e-01
-3.729531827217867912e-01
-1.454207381856621184e-01
-5.290054273333862911e-01
-4.441113146230245001e-01
1.588227379333065903e-01
-1.670101531190460176e-01
-1.181645900006313421e-01
-2.101502393480243758e-01
-3.267812354656224327e-01
-6.733964603177615693e-01
-4.706574807018462647e-01
-1.421365059912550910e+00
-2.290176815848306846e-01
-4.633400424417634111e-01
-1.267266011727507413e+00
-6.055667840695995174e-01
-1.055507492637096645e+00
-1.650461522337821063e-01
-8.451522150605463024e-02
